time,vac
0,85.60254038
0.001,112.8147601
0.002,85.45218954
0.003,95.35454576
0.004,62.31448255
0.005,46
0.006,14.79116908
0.007,-0.452846327
0.008,-28.67366431
0.009,-57.91306064
0.01,-74.60254038
0.011,-83.81476007
0.012,-114.4521895
0.013,-105.3545458
0.014,-64.31448255
0.015,-60
0.016,-6.791169082
0.017,-1.547153673
0.018,52.67366431
0.019,59.91306064
